{
  "all_pairs": {
    "label": "all_pairs",
    "n": 232,
    "mean_gap": -0.11241183840203889,
    "median_gap": -0.048095178837706226,
    "abs_mean_gap": 0.24160272104406633,
    "sd_gap": 0.32809636540534287,
    "ttest_t": -5.218607372412095,
    "ttest_p": 4.0104013310088374e-07,
    "wilcoxon_stat": 8134.0,
    "wilcoxon_p": 1.4640845989629069e-07,
    "sign_test_p": 5.045177766493283e-06,
    "n_poly_above": 81,
    "n_mani_above": 151,
    "slope": 0.3281330083587488,
    "intercept": 0.29392597332484205,
    "r_squared": 0.10828974666584645,
    "slope_p": 2.9160405956299024e-07,
    "slope_se": 0.06208750579393856,
    "pearson_r": 0.32907407473978606,
    "pearson_p": 2.9160405956299765e-07,
    "spearman_r": 0.3304190927759751,
    "spearman_p": 2.5908145309931397e-07,
    "frac_abs_gap_gt_2pct": 0.8577586206896551,
    "frac_abs_gap_gt_5pct": 0.7198275862068966,
    "frac_abs_gap_gt_10pct": 0.5646551724137931,
    "frac_abs_gap_gt_20pct": 0.4396551724137931,
    "category_counts": {
      "other": 109,
      "sports": 18,
      "politics_election": 62,
      "ai_tech": 17,
      "crypto": 19,
      "economy_macro": 7
    }
  },
  "high_similarity": {
    "label": "high_similarity",
    "n": 64,
    "mean_gap": -0.022300676620253777,
    "median_gap": 0.00028116395982880245,
    "abs_mean_gap": 0.12980500925201535,
    "sd_gap": 0.22871446819875416,
    "ttest_t": -0.7800355367417987,
    "ttest_p": 0.4382907861685986,
    "wilcoxon_stat": 989.5,
    "wilcoxon_p": 0.7355714074275135,
    "sign_test_p": 0.9006532462520334,
    "n_poly_above": 33,
    "n_mani_above": 31,
    "slope": 0.5997333477113377,
    "intercept": 0.1410110098560522,
    "r_squared": 0.40547381702462415,
    "slope_p": 1.5483207377599595e-08,
    "slope_se": 0.09222877462509478,
    "pearson_r": 0.6367682600637568,
    "pearson_p": 1.5483207377599585e-08,
    "spearman_r": 0.6655675842222076,
    "spearman_p": 1.9707379530061922e-09,
    "frac_abs_gap_gt_2pct": 0.65625,
    "frac_abs_gap_gt_5pct": 0.421875,
    "frac_abs_gap_gt_10pct": 0.296875,
    "frac_abs_gap_gt_20pct": 0.234375,
    "category_counts": {
      "other": 42,
      "sports": 5,
      "politics_election": 12,
      "ai_tech": 4,
      "crypto": 1
    }
  },
  "high_similarity_independent": {
    "label": "high_similarity_independent",
    "n": 52,
    "mean_gap": -0.02730295553756266,
    "median_gap": 0.00028116395982880245,
    "abs_mean_gap": 0.15623582488670631,
    "sd_gap": 0.2537710023190481,
    "ttest_t": -0.7758349477505024,
    "ttest_p": 0.4414294671148648,
    "wilcoxon_stat": 639.5,
    "wilcoxon_p": 0.6521375114938761,
    "sign_test_p": 0.8898839652765371,
    "n_poly_above": 27,
    "n_mani_above": 25,
    "slope": 0.567313174421564,
    "intercept": 0.1637116377514105,
    "r_squared": 0.3696766654977102,
    "slope_p": 1.7466018658962162e-06,
    "slope_se": 0.10476314808592653,
    "pearson_r": 0.608010415616139,
    "pearson_p": 1.7466018658962219e-06,
    "spearman_r": 0.619444102754064,
    "spearman_p": 9.780271676918497e-07,
    "frac_abs_gap_gt_2pct": 0.7307692307692307,
    "frac_abs_gap_gt_5pct": 0.5192307692307693,
    "frac_abs_gap_gt_10pct": 0.36538461538461536,
    "frac_abs_gap_gt_20pct": 0.28846153846153844,
    "category_counts": {
      "other": 32,
      "sports": 5,
      "politics_election": 10,
      "ai_tech": 4,
      "crypto": 1
    }
  },
  "high_similarity_independent_liquid": {
    "label": "high_similarity_independent_liquid",
    "n": 46,
    "mean_gap": 0.005945488073301271,
    "median_gap": 0.005330133817626117,
    "abs_mean_gap": 0.13980471206051331,
    "sd_gap": 0.24305057386384915,
    "ttest_t": 0.16590893567053883,
    "ttest_p": 0.8689717859379037,
    "wilcoxon_stat": 477.5,
    "wilcoxon_p": 0.491261565110806,
    "sign_test_p": 0.3019956131896606,
    "n_poly_above": 27,
    "n_mani_above": 19,
    "slope": 0.5994891387400525,
    "intercept": 0.12540466090425456,
    "r_squared": 0.44038958789929056,
    "slope_p": 4.989090616407295e-07,
    "slope_se": 0.10187775188059275,
    "pearson_r": 0.6636185560239335,
    "pearson_p": 4.989090616407287e-07,
    "spearman_r": 0.6638290252999236,
    "spearman_p": 4.933151661999411e-07,
    "frac_abs_gap_gt_2pct": 0.6956521739130435,
    "frac_abs_gap_gt_5pct": 0.4782608695652174,
    "frac_abs_gap_gt_10pct": 0.32608695652173914,
    "frac_abs_gap_gt_20pct": 0.2391304347826087,
    "category_counts": {
      "other": 28,
      "sports": 5,
      "politics_election": 8,
      "ai_tech": 4,
      "crypto": 1
    }
  },
  "mirror_markets": {
    "label": "mirror_markets",
    "n": 13,
    "mean_gap": -0.00019150890330640825,
    "median_gap": 0.0050000000000000044,
    "abs_mean_gap": 0.014481361386173397,
    "sd_gap": 0.018826271431202735,
    "ttest_t": -0.036677213175344996,
    "ttest_p": 0.9713454557593504,
    "wilcoxon_stat": 41.0,
    "wilcoxon_p": 0.773681640625,
    "sign_test_p": 1.0,
    "n_poly_above": 7,
    "n_mani_above": 6,
    "slope": 0.9426915383027197,
    "intercept": 0.012501807310203006,
    "r_squared": 0.9834854366948087,
    "slope_p": 3.738629672892756e-11,
    "slope_se": 0.03683179176886335,
    "pearson_r": 0.9917083425558185,
    "pearson_p": 3.73862967289303e-11,
    "spearman_r": 0.9931233604247167,
    "spearman_p": 1.3394542375743155e-11,
    "frac_abs_gap_gt_2pct": 0.3076923076923077,
    "frac_abs_gap_gt_5pct": 0.0,
    "frac_abs_gap_gt_10pct": 0.0,
    "frac_abs_gap_gt_20pct": 0.0,
    "category_counts": {
      "other": 10,
      "politics_election": 3
    }
  },
  "counts": {
    "polymarket_active_binary": 5767,
    "manifold_active_binary": 3104,
    "candidates_before_dedupe": 1553,
    "after_dedupe": 292,
    "after_date_filter": 232,
    "high_similarity_sim_geq_0_70": 64,
    "high_similarity_independent": 52,
    "high_similarity_independent_liquid": 46,
    "mirror_markets": 13
  },
  "similarity_buckets": [
    {
      "lo": 0.4,
      "hi": 0.5,
      "n": 76,
      "mean_gap": -0.2087717302079843,
      "abs_mean_gap": 0.33512390421924526,
      "frac_abs_gt_5pct": 0.8947368421052632
    },
    {
      "lo": 0.5,
      "hi": 0.6,
      "n": 62,
      "mean_gap": -0.11479944301921108,
      "abs_mean_gap": 0.27213854148446864,
      "frac_abs_gt_5pct": 0.7903225806451613
    },
    {
      "lo": 0.6,
      "hi": 0.7,
      "n": 30,
      "mean_gap": -0.0556028747526296,
      "abs_mean_gap": 0.18007681324649033,
      "frac_abs_gt_5pct": 0.7666666666666667
    },
    {
      "lo": 0.7,
      "hi": 0.8,
      "n": 23,
      "mean_gap": -0.08177261585638375,
      "abs_mean_gap": 0.15614706072240725,
      "frac_abs_gt_5pct": 0.5217391304347826
    },
    {
      "lo": 0.8,
      "hi": 0.9,
      "n": 15,
      "mean_gap": -0.015079711473169182,
      "abs_mean_gap": 0.12990506582423889,
      "frac_abs_gt_5pct": 0.4666666666666667
    },
    {
      "lo": 0.9,
      "hi": 1.01,
      "n": 26,
      "mean_gap": 0.026143174349927766,
      "abs_mean_gap": 0.10644470031346276,
      "frac_abs_gt_5pct": 0.3076923076923077
    }
  ]
}